{
  "model": "Qwen/Qwen2-VL-2B-Instruct",
  "architecture": "Qwen2-VL (no cross-attention, M-RoPE fusion)",
  "num_lm_layers": 28,
  "bi_scores": {
    "0": 0.488861620426178,
    "1": 0.8580527305603027,
    "2": 0.0002110712230205536,
    "3": 0.0003598518669605255,
    "4": 0.000296957790851593,
    "5": 0.00032043084502220154,
    "6": 0.0003620460629463196,
    "7": 0.00037600472569465637,
    "8": 0.00040763989090919495,
    "9": 0.0003383047878742218,
    "10": 0.0002624206244945526,
    "11": 0.00024015828967094421,
    "12": 0.00026612356305122375,
    "13": 0.00026945769786834717,
    "14": 0.00023077428340911865,
    "15": 0.00025955215096473694,
    "16": 0.00039076805114746094,
    "17": 0.0004285275936126709,
    "18": 0.0007125847041606903,
    "19": 0.0007370635867118835,
    "20": 0.001111343502998352,
    "21": 0.0020283013582229614,
    "22": 0.0020121484994888306,
    "23": 0.002048805356025696,
    "24": 0.002609115093946457,
    "25": 0.0036765746772289276,
    "26": 0.05968104302883148,
    "27": 0.13961228728294373
  }
}